space,id,title,author,discussion,start,end,end_iso,state
metislayer2.eth,0x235325f98132be92efb22d99f6f5fd31aafb960f72696ddda6f706076341725a,Ecosystem Proposal: Chainstack Metis support highlight in Docs and on socials,0x2FB32fEff6718d8E6D23f9cb3149FAa226ac6CB6,https://forum.ceg.vote/t/ecosystem-proposal-chainstack-metis-support-highlight-in-docs-and-on-socials/5854/2,1750680000,1751112000,2025-06-28T12:00:00+00:00,closed
metislayer2.eth,0xca0df090bb2b2d01f19ec3dabac3d7d1d5b0c8e92c0f050552ca23500a7b915c,Proposal to Empower Metis Builders with Aethir’s Distributed Compute,0x2FB32fEff6718d8E6D23f9cb3149FAa226ac6CB6,https://forum.ceg.vote/t/proposal-to-empower-metis-builders-with-aethir-s-distributed-compute/5306,1749470400,1749902400,2025-06-14T12:00:00+00:00,closed
metislayer2.eth,0x82192dbc8d8333a78d5a11740b87fa646b675121512e8d77dd81b98d23de72f4,Quack AI: The AI Snapshot. The AI protocol for Metis on-chain governance,0x2FB32fEff6718d8E6D23f9cb3149FAa226ac6CB6,https://forum.ceg.vote/t/quack-ai-the-ai-snapshot-the-ai-protocol-for-metis-on-chain-governance/4077,1747656000,1748088000,2025-05-24T12:00:00+00:00,closed
metislayer2.eth,0xae92306489bf76207842f85609d054c679d65d32c9547f3732a028e69b7726f0,Ecosystem Proposal: NAVAI - AI powered 3D mapping platform,0x2FB32fEff6718d8E6D23f9cb3149FAa226ac6CB6,https://forum.ceg.vote/t/ecosystem-proposal-navai-ai-powered-3d-mapping-platform/3991,1747054800,1747486800,2025-05-17T13:00:00+00:00,closed
metislayer2.eth,0xcf0e039459924a03e2d3aeccce17a93a3036be008866654e7b90fdc01e219d20,Ecosystem Proposal: SubQuery Indexing SDK,0x2FB32fEff6718d8E6D23f9cb3149FAa226ac6CB6,https://forum.ceg.vote/t/ecosystem-proposal-subquery-indexing-sdk/3980,1746450000,1746882000,2025-05-10T13:00:00+00:00,closed
metislayer2.eth,0x5ddfefe5af625e607e57c2ad61e75b30e72b151ec92c5784ff1e128b2a47bfbb,Ecosystem Proposal: Futuris & FuturisLab (revote),0x2FB32fEff6718d8E6D23f9cb3149FAa226ac6CB6,https://forum.ceg.vote/t/ecosystem-proposal-futuris-futurislab/3918,1743526800,1743958800,2025-04-06T17:00:00+00:00,closed
metislayer2.eth,0x39d8c88fbbed12e86ef56bf72b0db30de43e21a1e50dffb3706ac48e33806168,Ecosystem Proposal: Stride - Everyone can be healthier (revote),0x2FB32fEff6718d8E6D23f9cb3149FAa226ac6CB6,https://forum.ceg.vote/t/cvp-proposal-stride-everyone-can-be-healthier/3833,1743526800,1743958800,2025-04-06T17:00:00+00:00,closed
metislayer2.eth,0xc0322861ab8b9900ec83624041b01d9b9aa4bea1a9f96e6ee6769ef3e3bfab70,Ecosystem Proposal: Bring Free Exposure to the Metis Ecosystem through Magic Square (revote),0x77a7b8856D90798eff57D4dbfe16a3D182F883EC,https://forum.ceg.vote/t/ecosystem-proposal-bring-free-exposure-to-the-metis-ecosystem-through-magic-square/3864,1741708800,1742140800,2025-03-16T16:00:00+00:00,closed
metislayer2.eth,0x549fff6e4a848433a927c9d5524542085ecd0d42e625dfda5624763826e1323f,Ecosystem Proposal: Invnex; Institutional-Grade Fixed Income & Alternative Assets Onchain,0x77a7b8856D90798eff57D4dbfe16a3D182F883EC,https://forum.ceg.vote/t/cvp-proposal-invnex-institutional-grade-fixed-income-alternative-assets-onchain/3884,1741708800,1742140800,2025-03-16T16:00:00+00:00,closed
metislayer2.eth,0x3fe7f9f946a9157d37093c6800e39cb3a4f8f7094c06a1d73ee53804e80f49b9,Ecosystem Proposal: Biomapper for Sybil Resistance,0x77a7b8856D90798eff57D4dbfe16a3D182F883EC,https://forum.ceg.vote/t/integrating-biomapper-into-the-metis-ecosystem-for-sybil-resistance/3893/1,1741708800,1742140800,2025-03-16T16:00:00+00:00,closed
metislayer2.eth,0xa37e015f7244a0d01bbc2df23d6794ffc3ba99ff2089126ac0341e3a5f43628d,Ecosystem Proposal: Exolix,0x536Cf451e6f5C0CFe6175293970D59AaC7c28812,https://forum.ceg.vote/t/cvp-proposal-exolix/3879,1739899678,1740331678,2025-02-23T17:27:58+00:00,closed
metislayer2.eth,0xb6d158f940b98b0bf9c4f6b418d916d85354a488bc9b9930c4c3e482574ae674,Ecosystem Proposal: Bring Free Exposure to the Metis Ecosystem through Magic Square,0x536Cf451e6f5C0CFe6175293970D59AaC7c28812,https://forum.ceg.vote/t/ecosystem-proposal-bring-free-exposure-to-the-metis-ecosystem-through-magic-square/3864,1739899206,1740331206,2025-02-23T17:20:06+00:00,closed
metislayer2.eth,0xf285ad269a981e6905fb853f81a1cdbf3cfd4da40d2a5e27f19d572b12957d14,[Revote] CVP Proposal: Stride - Everyone can be healthier,0x536Cf451e6f5C0CFe6175293970D59AaC7c28812,https://forum.ceg.vote/t/cvp-proposal-stride-everyone-can-be-healthier/3833,1739898936,1740330936,2025-02-23T17:15:36+00:00,closed
metislayer2.eth,0xce58eee0af1d0f42278d0adf1bb56484f436dd9af7195ecaae1d96219bf210aa,Governance Proposal [MIP-5]: Phased Upgrade to the CVP System,0x77a7b8856D90798eff57D4dbfe16a3D182F883EC,https://forum.ceg.vote/t/mip-5-phased-upgrade-to-the-cvp-system/3872/1,1739386800,1739818800,2025-02-17T19:00:00+00:00,closed
metislayer2.eth,0x47129f053e1419bca9fdebdc06718385c909e7e07244a68e2a24eee79ead910d,Ecosystem Proposal: Futuris,0x77a7b8856D90798eff57D4dbfe16a3D182F883EC,https://ceg.vote/t/ecosystem-proposal-futuris/3816,1736787661,1737219661,2025-01-18T17:01:01+00:00,closed
metislayer2.eth,0xe5ea99f1c94427eb40e73006b6864b85900624faeca592656a45e924ee011b54,Ecosystem Proposal: Stride - Everyone can be healthier,0x77a7b8856D90798eff57D4dbfe16a3D182F883EC,https://ceg.vote/t/cvp-proposal-stride-everyone-can-be-healthier/3833,1736787157,1737219157,2025-01-18T16:52:37+00:00,closed
metislayer2.eth,0x3c0a2e5e310f42ea4f762f072beb6b225099122a75ab2f0cea22c716ee7384ce,Ecosystem Proposal: Aqualis Protocol - A new DEX with integrated lending protocol on Metis,0x77a7b8856D90798eff57D4dbfe16a3D182F883EC,https://ceg.vote/t/cvp-proposal-aqualis-protocol-a-new-dex-with-integrated-lending-protocol-on-metis/3769,1735578000,1736010000,2025-01-04T17:00:00+00:00,closed
metislayer2.eth,0x2033ef3e2ecbb76450c7adc2d407612808bd6b0243b20b115dce026c22ff3215,"Ecosystem Proposal: Uponly - The ultimate platform to launch token, memes and AI agents on Metis",0x77a7b8856D90798eff57D4dbfe16a3D182F883EC,https://ceg.vote/t/uponly-the-ultimate-platform-to-launch-token-memes-and-ai-agents-on-metis/3762,1735578000,1736010000,2025-01-04T17:00:00+00:00,closed
metislayer2.eth,0x41769de98cd34e4aaea06538d3348266f09c799dab6fd184eab3ea33a2fd8a02,Ecosystem Proposal: 4Metas - Unlock the Future of Web3 Gaming,0x77a7b8856D90798eff57D4dbfe16a3D182F883EC,https://ceg.vote/t/cvp-proposal-4metas-unlock-the-future-of-web3-gaming/3777/1,1735578000,1736010000,2025-01-04T17:00:00+00:00,closed
metislayer2.eth,0xa78367dca7840d111d1762c55bcabf18c600e7cb3783d4b766c7f821e4a9a33a,Ecosystem Proposal: gMetis,0x77a7b8856D90798eff57D4dbfe16a3D182F883EC,https://ceg.vote/t/cvp-proposal-gmetis/3743,1734368400,1734627600,2024-12-19T17:00:00+00:00,closed
metislayer2.eth,0x11eb40e63cf5a7538d4f576af077fc7abd4f9b1bac54ceabb7a9fde276119722,Ecosystem Proposal: BePrometheus - sparkles A single spark can ignite a vast fire.,0x77a7b8856D90798eff57D4dbfe16a3D182F883EC,https://ceg.vote/t/ecosystem-proposal-beprometheus-a-single-spark-can-ignite-a-vast-fire/3749#p-6354-roadmap-6,1734368400,1734627600,2024-12-19T17:00:00+00:00,closed
metislayer2.eth,0x75eda628a324eec7b7c53063cc836fdf94aae29609d137af847569a211c0d53a,Ecosystem Proposal: LeoFi - Decentralized Asset Management Protocol,0x77a7b8856D90798eff57D4dbfe16a3D182F883EC,https://ceg.vote/t/ecosystem-proposal-leofi-decentralized-asset-management-protocol/3755,1734368400,1734627600,2024-12-19T17:00:00+00:00,closed
metislayer2.eth,0x827828bc5a0381451e74b1eb626b8389fa266723403db1606f87c7bd548af1d4,"Ecosystem Proposal: CoindPay, Accelerating Mass Adoption of Metis Social Payments and DEXs for Consumers",0x77a7b8856D90798eff57D4dbfe16a3D182F883EC,https://ceg.vote/t/cvp-proposal-coindpay-accelerating-mass-adoption-of-metis-social-payments-and-dexs-for-consumers/3756,1734368400,1734627600,2024-12-19T17:00:00+00:00,closed
metislayer2.eth,0xdfd793d4993e42d5eeb2c83f06683750d9b9a40cb251e7444220c1d9bef0baa6,"Ecosystem Proposal: Nextmate.AI- Decentralized, AI-Driven Prediction Markets with Memecoin Integration",0x77a7b8856D90798eff57D4dbfe16a3D182F883EC,https://ceg.vote/t/cvp-proposal-nextmate-ai-decentralized-ai-driven-prediction-markets-with-memecoin-integration/3760,1734368400,1734627600,2024-12-19T17:00:00+00:00,closed
metislayer2.eth,0x7364f0af499ec18a01c9c5848db33551befeb82f78fb53aa504194868447d0b7,Ecosystem Proposal: Medusa,0x77a7b8856D90798eff57D4dbfe16a3D182F883EC,https://ceg.vote/t/metis-x-medusa/3721,1733158860,1733418060,2024-12-05T17:01:00+00:00,closed
metislayer2.eth,0x4b146531538d45bee0e5f17e55fd484bb3af812bafc8911e1b6f77a3ad0d609c,Ecosystem Proposal: Borderless - Onboard millions of company onto the web3,0x77a7b8856D90798eff57D4dbfe16a3D182F883EC,https://ceg.vote/t/ecosystem-proposal-borderless-onboard-millions-of-company-onto-the-web3/3715,1733158800,1733418000,2024-12-05T17:00:00+00:00,closed
metislayer2.eth,0xf69ec97e2484cae2550770f882dedd458c2a52217931663953b8a8a020ca9d7a, Ecosystem Proposal: Toaster Finance,0x77a7b8856D90798eff57D4dbfe16a3D182F883EC,https://ceg.vote/t/ecosystem-proposal-toaster-finance/3705,1733158800,1733418000,2024-12-05T17:00:00+00:00,closed
metislayer2.eth,0x2a6f29ff109943edf399ffa60ccc717f0b6ee88dfda91a16f8c789066832f843,Ecosystem Proposal: TaskOn - User growth infra for Web3,0x77a7b8856D90798eff57D4dbfe16a3D182F883EC,https://ceg.vote/t/ecosystem-proposal-metis-x-taskon-user-growth-infra-for-web3/3713,1733158800,1733418000,2024-12-05T17:00:00+00:00,closed
metislayer2.eth,0x7a74e2d5ccd2000fb638ef9c8097982950ade9e3b252260ea85a8ba8e789640d,Ecosystem Proposal: MetisForge,0x77a7b8856D90798eff57D4dbfe16a3D182F883EC,https://ceg.vote/t/cvp-proposal-metisforge/3676,1732554000,1732813200,2024-11-28T17:00:00+00:00,closed
metislayer2.eth,0x7d38fd065516c166542e2f59d00813f8564658e73266ff7af046f06a0e9eb58f,Ecosystem Proposal: Jenga - Gamified Green Impact,0x77a7b8856D90798eff57D4dbfe16a3D182F883EC,https://ceg.vote/t/ecosystem-proposal-jenga-x-metis-gamified-green-impact/3695,1732554000,1732813200,2024-11-28T17:00:00+00:00,closed
metislayer2.eth,0x5d1d9cafbc75f688e9b1ded5d187334751c6714d0cb9041ff436b928637c578d,Ecosystem Proposal: MathWallet,0x77a7b8856D90798eff57D4dbfe16a3D182F883EC,https://ceg.vote/t/ecosystem-proposal-mathwallet/3683,1732554000,1732813200,2024-11-28T17:00:00+00:00,closed
metislayer2.eth,0x778908ebc5a17f1b398a8404205b9339e492a6c046b5bdb259bb5a7d9e53754a,Ecosystem Proposal: Methera Community Verification,0x77a7b8856D90798eff57D4dbfe16a3D182F883EC,https://ceg.vote/t/methera-community-verification/3637,1731344400,1731603600,2024-11-14T17:00:00+00:00,closed
metislayer2.eth,0xa75e4aad4c56b303fec8e35d69b44da1ccc09b1d1aa18ce4bb1d60c39ff58ba9,Ecosystem Proposal: Koris - Empowering Creator Marketing on Metis,0x77a7b8856D90798eff57D4dbfe16a3D182F883EC,https://ceg.vote/t/ecosystem-proposal-koris-empowering-creator-marketing-on-metis/3619,1731344400,1731603600,2024-11-14T17:00:00+00:00,closed
metislayer2.eth,0x1eba56473ac88288fd6a27887b02382e19cca715aa175d4d2ce312b42eb54904,Ecosystem Proposal: Houdini Swap x Metis Chain Integration,0x77a7b8856D90798eff57D4dbfe16a3D182F883EC,https://ceg.vote/t/ecosystem-proposal-houdini-swap-x-metis-chain-integration/3666,1730217600,1730476800,2024-11-01T16:00:00+00:00,closed
metislayer2.eth,0xc5f4055f8c219b81a3b7b8bddbfc1b22f4eaf833ceb91eb865d0c9822374374b,Ecosystem Proposal: PUMPe The Most Exciting Takeover,0x77a7b8856D90798eff57D4dbfe16a3D182F883EC,https://ceg.vote/t/pumpe-the-most-exciting-takeover/3654,1730131200,1730390400,2024-10-31T16:00:00+00:00,closed
metislayer2.eth,0x927a825a4653843df98199711d0168a3d4ea170d096bba7dfce2c0997f9af844,Ecosystem Proposal: ReFi Starter The Regenerative Launchpad for Web3,0x77a7b8856D90798eff57D4dbfe16a3D182F883EC,https://ceg.vote/t/cvp-proposal-refi-starter-the-regenerative-launchpad-for-web3/3636,1729526400,1729785600,2024-10-24T16:00:00+00:00,closed
metislayer2.eth,0x2588a4ee9990f56ac7be110d4c0194d677d70882db61b132e0ccbbdbdf631155,Ecosystem Proposal: froska on metis,0x77a7b8856D90798eff57D4dbfe16a3D182F883EC,https://ceg.vote/t/cvp-proposal-froska-on-metis/3643,1729526400,1729785600,2024-10-24T16:00:00+00:00,closed
metislayer2.eth,0x054907b6a07da3e2cd13cd246014bb95f6122c492aa2ca9331cbfb04d7f7c730,Ecosystem Proposal: Methera,0x77a7b8856D90798eff57D4dbfe16a3D182F883EC,https://ceg.vote/t/methera-community-verification/3637,1729526400,1729785600,2024-10-24T16:00:00+00:00,closed
metislayer2.eth,0xfbbe304c9af0ce2b3dac9036879b38ff1b5cb9a566d7a10c3ca247a8d848f73b,Ecosystem Proposal: ReFi Starter The Regenerative Launchpad for Web3,0x77a7b8856D90798eff57D4dbfe16a3D182F883EC,https://ceg.vote/t/cvp-proposal-refi-starter-the-regenerative-launchpad-for-web3/3636,1729526400,1729785600,2024-10-24T16:00:00+00:00,closed
metislayer2.eth,0xa05386bd8e88ca5a662916c69822644ac8828a084e3f7eae1b0a2a04478eccd5,Ecosystem Proposal: BUZZ (Multiple-chain Gamefi Platform),0xa054A7E0348561faE169fAcDf35159e5DC1b3c6f,https://ceg.vote/t/ecosystem-proposal-buzz-multiple-chain-gamefi-platform/3632,1728405000,1728664200,2024-10-11T16:30:00+00:00,closed
metislayer2.eth,0x9ec68e7c8fdf5b189aa5ee44b834e4b276ee5d09d2a9e1f5512ca9039411fe93,Ecosystem Proposal: Winks.fun (Twitter micro-apps) on Metis,0x77a7b8856D90798eff57D4dbfe16a3D182F883EC,https://ceg.vote/t/cvp-proposal-winks-fun-twitter-micro-apps-on-metis/3626,1728316800,1728576000,2024-10-10T16:00:00+00:00,closed
metislayer2.eth,0x6a8e0c2ec6609a41a1e1969b92a74525a863bdb88529b1a1953821101e5e4001,Ecosystem Proposal: Zapper - Onchain Explorer & DeFi Dashboard,0x77a7b8856D90798eff57D4dbfe16a3D182F883EC,https://ceg.vote/t/ecosystem-proposal-zapper-onchain-explorer-defi-dashboard/3624,1728316800,1728576000,2024-10-10T16:00:00+00:00,closed
metislayer2.eth,0x83552b6894e2dc61a8dcc4ea1df0fd2874b659c780c162d144aacdccec602b45,Ecosystem Proposal: Manat,0x77a7b8856D90798eff57D4dbfe16a3D182F883EC,https://ceg.vote/t/cvp-proposal-for-manat/975,1727712000,1727971200,2024-10-03T16:00:00+00:00,closed
metislayer2.eth,0x9add32586eadaaa4f2fc1e977d02c63b2d339593b902e7dcff1b39bf0a542752,Ecosystem Proposal: Web3Auth,0x77a7b8856D90798eff57D4dbfe16a3D182F883EC,https://ceg.vote/t/ecosystem-proposal-web3auth/3613,1727712000,1727971200,2024-10-03T16:00:00+00:00,closed
metislayer2.eth,0x9e48d8c636e03217429246368c06869af0a1eb29220fbee356c4172fd9409b4a,Ecosystem Proposal: VestaDAO; Making Metis Easy,0x77a7b8856D90798eff57D4dbfe16a3D182F883EC,https://ceg.vote/t/ecosystem-proposal-vestadao-making-metis-easy/3584,1727107200,1727366400,2024-09-26T16:00:00+00:00,closed
metislayer2.eth,0x5040925df6de85874d703abad151f4f4ef1cb0dbe5a6d45c3bb30e1cea410f02,Ecosystem Proposal: GM² Social Integrate with Metis for Web3 Users,0x77a7b8856D90798eff57D4dbfe16a3D182F883EC,https://ceg.vote/t/cvp-proposal-gm-social-integrate-with-metis-for-web3-users/3474,1727107200,1727366400,2024-09-26T16:00:00+00:00,closed
metislayer2.eth,0xbdabb240e9bd175a8464ec1dc84838b9c38c0a35379878085d45e290917b34cf,Ecosystem Proposal: Yeti-Apes,0x77a7b8856D90798eff57D4dbfe16a3D182F883EC,https://ceg.vote/t/cvp-proposal-yeti-apes-a-decentralised-community-driven-ecosystem-for-sustainable-growth/3583,1727107200,1727366400,2024-09-26T16:00:00+00:00,closed
metislayer2.eth,0xd7539783eb16ef773730d29c79650f0bf2d4ec1844c1d3f838a3a31d092976fa,Ecosystem Proposal: Bullishs,0x77a7b8856D90798eff57D4dbfe16a3D182F883EC,https://ceg.vote/t/cvp-proposal-launch-bullishs-on-metis/3577,1727107200,1727366400,2024-09-26T16:00:00+00:00,closed
metislayer2.eth,0x6de5f0aa52046f675fe5b1ed03ea781afe58fb083b3cb222074cd207d8975f11,Ecosystem Proposal: SpaceWhale Meme DEX,0x77a7b8856D90798eff57D4dbfe16a3D182F883EC,https://ceg.vote/t/cvp-launch-spacewhale-meme-dex/3559,1726502400,1726761600,2024-09-19T16:00:00+00:00,closed
metislayer2.eth,0xa76aaf8a8573ac297ce2fc12c8afb397ffcf451c03150e8ecf9bc513455f2cda,Ecosystem Proposal: Zima Bank - your neo-bank on Metis,0x77a7b8856D90798eff57D4dbfe16a3D182F883EC,https://ceg.vote/t/ecosystem-proposal-zima-bank-your-neo-bank-on-metis/3551,1725897600,1726156800,2024-09-12T16:00:00+00:00,closed
metislayer2.eth,0x819482447bca5a5c1a2657907cf0cd120b1d05ecd8aaa23afc46b03c64b50528,Ecosystem Proposal: WeaveVM,0x77a7b8856D90798eff57D4dbfe16a3D182F883EC,https://ceg.vote/t/cvp-proposal-weavevm/3547,1725897600,1726156800,2024-09-12T16:00:00+00:00,closed
metislayer2.eth,0xe54c19b5a137db841b46be264512295c0664b436c75c84a9e9894bc36bb4b119,Ecosystem Proposal: Swing and Galaxy Exchange,0x77a7b8856D90798eff57D4dbfe16a3D182F883EC,https://ceg.vote/t/introduction-to-swing-and-galaxy-exchange/3541,1725897600,1726156800,2024-09-12T16:00:00+00:00,closed
metislayer2.eth,0x449ddcc044889725a601a26cb17250b7dd6fe2412729ff4e89b6a30d4f477f97,Ecosystem Proposal: DeFi Kingdoms,0xb6Ba0Edc202dCE9780CC54157aB487b998F46903,https://ceg.vote/t/defi-kingdoms/3529,1723482000,1723741200,2024-08-15T17:00:00+00:00,closed
metislayer2.eth,0xeb2ea2f7d37f0bb6f6a5f3f1e02be3710aae7edce65bd49ebde66bcedce5c08e,Ecosystem Proposal: Cobo Custody Integration Institutional Users,0xb6Ba0Edc202dCE9780CC54157aB487b998F46903,https://ceg.vote/t/cvp-proposal-cobo-custody-integration-institutional-users/3522,1723482000,1723741200,2024-08-15T17:00:00+00:00,closed
metislayer2.eth,0xc892cbaa326dfb5b3648b439d4fb6e24cc1aa499f3fd443a1134410ebb0d9d0b,Ecosystem Proposal: Zerion,0xb6Ba0Edc202dCE9780CC54157aB487b998F46903,https://ceg.vote/t/ecosystem-proposal-zerion/3526,1723482000,1723741200,2024-08-15T17:00:00+00:00,closed
metislayer2.eth,0x006dbfdcbabdcdbf44694978c8fefac80e6c728ad77bf36a30d77cadab2fd522,Ecosystem Proposal: Gamified Wallacy Wallet (re-vote),0xb6Ba0Edc202dCE9780CC54157aB487b998F46903,https://ceg.vote/t/cvp-proposal-co-marketing-with-gamified-wallacy-wallet/3505,1723482000,1723741200,2024-08-15T17:00:00+00:00,closed
metislayer2.eth,0xc419a147708231f92dd5c7e3dbd8fde9d4dd13086086bbdc33c12c675354c663,Ecosystem Proposal: Ormi - Bringing Ultra Low Latency and Reliable Data Indexing to Metis,0xb6Ba0Edc202dCE9780CC54157aB487b998F46903,https://ceg.vote/t/ecosystem-proposal-ormi-bringing-ultra-low-latency-and-reliable-data-indexing-to-metis/3516,1722269385,1722528585,2024-08-01T16:09:45+00:00,closed
metislayer2.eth,0x847fc4bcf736f652bc7077b9f6443192635fde93d09bcbeb73047f9476255262,"Ecosystem Proposal - Shards App, Guild building and monetization tool for GameFi",0xb6Ba0Edc202dCE9780CC54157aB487b998F46903,https://ceg.vote/t/shards-app-guild-building-and-monetization-tool-for-gamefi/3462,1721664354,1721923554,2024-07-25T16:05:54+00:00,closed
metislayer2.eth,0xfb465b9bd924f5f59bea87f33e211b4887740525736acc2ba4443a3736e040b5,Ecosystem Proposal: GM² Social,0xb6Ba0Edc202dCE9780CC54157aB487b998F46903,https://ceg.vote/t/cvp-proposal-gm-social-integrate-with-metis-for-web3-users/3474,1721664000,1721923200,2024-07-25T16:00:00+00:00,closed
metislayer2.eth,0x2dcb5082df89d59cdc56da2afb25011be89cdcac5b5c2773792cc1adc3bf268a,Ecosystem Proposal: Wallacy ,0xb6Ba0Edc202dCE9780CC54157aB487b998F46903,https://ceg.vote/t/cvp-proposal-co-marketing-with-gamified-wallacy-wallet/3505,1721662086,1721921286,2024-07-25T15:28:06+00:00,closed
metislayer2.eth,0x0829740fc3ffb3f4ae9436a77a7c10b8054136e05c293eb49fa5025bb894ea54,Ecosystem Proposal: Dexsport ,0xb6Ba0Edc202dCE9780CC54157aB487b998F46903,https://ceg.vote/t/ecosystem-proposal-dexsport-x-metis-proposal/3512,1721664000,1721923200,2024-07-25T16:00:00+00:00,closed
metislayer2.eth,0xe958d2cf4dc8fe8cc2c671ffb59a8208d5efba471dae4884328293c22b3616b3,Ecosystem Proposal - Web3 MOBA Game <Arena of Faith>,0xb6Ba0Edc202dCE9780CC54157aB487b998F46903,https://ceg.vote/t/ecosystem-proposal-web3-moba-game-arena-of-faith/3473,1721062860,1721322060,2024-07-18T17:01:00+00:00,closed
metislayer2.eth,0x39ba4162a99be9727c527d77b4a674d0f4ec7c3a36164710e525df8babfd5093,Ecosystem Proposal: Burve Protocol,0xb6Ba0Edc202dCE9780CC54157aB487b998F46903,https://ceg.vote/t/cvp-proposal-burve-protocol/3466,1721062800,1721322000,2024-07-18T17:00:00+00:00,closed
metislayer2.eth,0x3e32a8bcc23ddb081d1f6e696abc082a2f00ac970d66b1786d65b53fac869d8e,Ecosystem Proposal: Merkl,0xb6Ba0Edc202dCE9780CC54157aB487b998F46903,https://ceg.vote/t/cvp-proposal-merkl/3447,1721062800,1721322000,2024-07-18T17:00:00+00:00,closed
metislayer2.eth,0x8d97484d0d596d48a999db320874597be35e88e497a0e142bd4e14930b70e5dd,Governance Proposal: Contribution to Code4rena Audit for Optimism Fraud Proof Implementation,0xa054A7E0348561faE169fAcDf35159e5DC1b3c6f,https://ceg.vote/t/governance-proposal-contribution-to-code4rena-audit-for-optimism-fraud-proof-implementation/3490,1720544400,1720803600,2024-07-12T17:00:00+00:00,closed
metislayer2.eth,0xf88f7744d32919f5c7d283a1b33c9350084a3a5c9e4002098aa55bceb57fe28d,Ecosystem Proposal: Growfitter -One of the biggest RWA & Brand NFT Platform with 2 million app downloads,0xb6Ba0Edc202dCE9780CC54157aB487b998F46903,https://ceg.vote/t/growfitter-one-of-the-biggest-rwa-brand-nft-platform-with-2-million-app-downloads/3487,1720457400,1720716600,2024-07-11T16:50:00+00:00,closed
metislayer2.eth,0x0f150428d33ea159f3512c6f78309ab5c3f5e1479eb031545ee7779936e1fe4a,Ecosystem Proposal: Stakingrewards.com Integration (revote),0xb6Ba0Edc202dCE9780CC54157aB487b998F46903,https://ceg.vote/t/cvp-proposal-stakingrewards-com-integration/3401,1720454400,1720713600,2024-07-11T16:00:00+00:00,closed
metislayer2.eth,0x052b9bd003a92035434608e780a30e49137f11363c85f721b0111c766df419d2,"Ecosystem Proposal - Shards App, Guild building and monetization tool for GameFi",0xb6Ba0Edc202dCE9780CC54157aB487b998F46903,https://ceg.vote/t/shards-app-guild-building-and-monetization-tool-for-gamefi/3462,1719936107,1720195307,2024-07-05T16:01:47+00:00,closed
metislayer2.eth,0x2d69429e3dc5df08cca242f6a198bf9574f6afba34eafbcb403d9b0c79693512,Ecosystem Proposal - Zen Card,0xb6Ba0Edc202dCE9780CC54157aB487b998F46903,https://ceg.vote/t/zen-card-x-metis-marketing-proposal/3467,1719936000,1720195200,2024-07-05T16:00:00+00:00,closed
metislayer2.eth,0x9951093fed498fde0364f6e82379fde435e71f46822bbdbf09fcf9718eed240d,Ecosystem Proposal - VestaDAO: The Hub of Metis,0xb6Ba0Edc202dCE9780CC54157aB487b998F46903,https://ceg.vote/t/cvp-proposal-vestadao-the-hub-of-metis/3452,1719936000,1720195200,2024-07-05T16:00:00+00:00,closed
metislayer2.eth,0xdf4b92d75a8373411764ce61fba54d75b0531b57694880c8ed8f433f94f3c366,Ecosystem Proposal: Primis Protocol - Decentralized Game Servers powered by Liquid Staking on Metis (revote),0xb6Ba0Edc202dCE9780CC54157aB487b998F46903,https://ceg.vote/t/primis-protocol-decentralized-game-servers-powered-by-liquid-staking-on-metis/3305,1719936000,1720195200,2024-07-05T16:00:00+00:00,closed
metislayer2.eth,0xd47abdc061c1122123270a00bd66d1019c383b4db3f2760b60333fd907094846,Infrastructure - Sequencer Proposal: RHINO,0xa054A7E0348561faE169fAcDf35159e5DC1b3c6f,https://ceg.vote/t/sequencer-proposal-rhino/2754,1719338400,1719597600,2024-06-28T18:00:00+00:00,closed
metislayer2.eth,0x1e22ae02f802fe835ef683ce02a2edadf71db664ad5c07944b5bad5202ecf779,Infrastructure - Sequencer Proposal: RockLogic GmbH (Stereum),0xa054A7E0348561faE169fAcDf35159e5DC1b3c6f,https://ceg.vote/t/sequencer-proposal-rocklogic-gmbh-stereum/3248,1719338400,1719597600,2024-06-28T18:00:00+00:00,closed
metislayer2.eth,0x4a0cfd5e64899344918ff3da6d57272ad6060abbfacce4c0c13d83e58932800d,Infrastructure - Sequencer Proposal: Blockdaemon,0xa054A7E0348561faE169fAcDf35159e5DC1b3c6f,https://ceg.vote/t/sequencer-proposal-blockdaemon/3015,1719338400,1719597600,2024-06-28T18:00:00+00:00,closed
metislayer2.eth,0xe3bf4a1fa480f7bcda23e6bf2f0184903e3f998b7c88534ffadfadf5c08ec935,Infrastructure - Sequencer Proposal: Validation Cloud,0xa054A7E0348561faE169fAcDf35159e5DC1b3c6f,https://ceg.vote/t/sequencer-proposal-validation-cloud/3175,1719338400,1719597600,2024-06-28T18:00:00+00:00,closed
metislayer2.eth,0x2a0750f1aed22dd8c04470299ed1d39c051ccfb877f3e52dc24deb8846903059,Infrastructure - Sequencer Proposal: Blockscope.net,0xa054A7E0348561faE169fAcDf35159e5DC1b3c6f,https://ceg.vote/t/sequencer-proposal-blockscope-net/3089,1719338400,1719597600,2024-06-28T18:00:00+00:00,closed
metislayer2.eth,0xeb58519d0482a85a83a6a406f588ea3939793893b2317fe5a211dee10904bb21,Infrastructure - Sequencer Proposal: HashKey Cloud,0xa054A7E0348561faE169fAcDf35159e5DC1b3c6f,https://ceg.vote/t/sequencer-proposal-hashkey-cloud/3002,1719338400,1719597600,2024-06-28T18:00:00+00:00,closed
metislayer2.eth,0x7258e96ab3b3a58d247c4dc2e672633cee42c128757eade51d1c73da4c9e4600,Infrastructure - Sequencer Proposal: InfraSingularity,0xa054A7E0348561faE169fAcDf35159e5DC1b3c6f,https://ceg.vote/t/sequencer-proposal-infrasingularity/2913,1719338400,1719597600,2024-06-28T18:00:00+00:00,closed
metislayer2.eth,0x38fbcf5d79a405c03e583b80d18d209dc187df476c44abb98192b68459558043,Infrastructure - Sequencer Proposal: Memolabs,0xa054A7E0348561faE169fAcDf35159e5DC1b3c6f,https://ceg.vote/t/sequencer-proposal-memolabs/3204,1719338400,1719597600,2024-06-28T18:00:00+00:00,closed
metislayer2.eth,0xd05cd5a344ee9955dd0f980b6b08b5a94684dc634a3ffce60a355061d5e67886,Infrastructure - Sequencer Proposal: Silk Nodes,0xa054A7E0348561faE169fAcDf35159e5DC1b3c6f,https://ceg.vote/t/sequencer-proposal-silk-nodes/2810/2,1719338400,1719597600,2024-06-28T18:00:00+00:00,closed
metislayer2.eth,0xfd87a0799988135d52ca5b7911d9911367fcdc2456b07f76de5cf2e2ff8ee106,Infrastructure - Sequencer Proposal: Kukis Global,0xa054A7E0348561faE169fAcDf35159e5DC1b3c6f,https://ceg.vote/t/sequencer-proposal-kukis-global/3190,1719338400,1719597600,2024-06-28T18:00:00+00:00,closed
metislayer2.eth,0x00d8728ff24fdbe3503aaa94744bfaf6e874c07c234b73b5dcd39615efcf74b7,Infrastructure - Sequencer Proposal: Prophet,0xa054A7E0348561faE169fAcDf35159e5DC1b3c6f,https://ceg.vote/t/sequencer-proposal-prophet/3197,1719338400,1719597600,2024-06-28T18:00:00+00:00,closed
metislayer2.eth,0x4a6eb8246e15c3b6b3edd3ca96014cd2d0e7a08e7ae25bdd26a356f3acdf2231,Infrastructure - Sequencer Proposal: Nodes.Guru,0xa054A7E0348561faE169fAcDf35159e5DC1b3c6f,https://ceg.vote/t/sequencer-proposal-nodes-guru/3236,1719338400,1719597600,2024-06-28T18:00:00+00:00,closed
metislayer2.eth,0x10c4b9717840b270dbcf1b545231a29d7c817ef04488aacb9fd498dc4509aaad,Infrastructure - Sequencer Proposal: Simply Staking,0xa054A7E0348561faE169fAcDf35159e5DC1b3c6f,https://ceg.vote/t/sequencer-proposal-simply-staking/3259,1719338400,1719597600,2024-06-28T18:00:00+00:00,closed
metislayer2.eth,0x19f84e06ff93a093d3917b4631e72737f44421cbdc406b75112e4e80f5c408b5,Infrastructure - Sequencer Proposal: Ebunker,0xa054A7E0348561faE169fAcDf35159e5DC1b3c6f,https://ceg.vote/t/sequencer-proposal-ebunker/3434,1719338400,1719597600,2024-06-28T18:00:00+00:00,closed
metislayer2.eth,0x658b938f0d440a4ec92fc2c8bc3650d5dcc1666542216f0ea6c18a57fcc57af0,Infrastructure - Sequencer Proposal: H2O Nodes,0xa054A7E0348561faE169fAcDf35159e5DC1b3c6f,https://ceg.vote/t/sequencer-proposal-h2o-nodes/3437,1719338400,1719597600,2024-06-28T18:00:00+00:00,closed
metislayer2.eth,0x4895b0f3d94aad82a56730315b96be62fbfd83ca1e88042b24281d4cb8eb158b,Infrastructure - Sequencer Proposal: InfStones,0xa054A7E0348561faE169fAcDf35159e5DC1b3c6f,https://ceg.vote/t/sequencer-proposal-infstones/3445,1719338400,1719597600,2024-06-28T18:00:00+00:00,closed
metislayer2.eth,0x56b01075c564918593131338a4f555f198557751c647c0ada583f133e38c9303,Infrastructure - Sequencer Proposal: Nodefleet,0xa054A7E0348561faE169fAcDf35159e5DC1b3c6f,https://ceg.vote/t/sequencer-proposal-nodefleet/3443/2,1719338400,1719597600,2024-06-28T18:00:00+00:00,closed
metislayer2.eth,0x2be32769397c6edc086b822da2aeefb6de8b431be41d0bcdf51b55767add26c6,Infrastructure - Sequencer Proposal: Nodies,0xa054A7E0348561faE169fAcDf35159e5DC1b3c6f,https://ceg.vote/t/sequencer-proposal-nodies/2811,1719245125,1719504325,2024-06-27T16:05:25+00:00,closed
metislayer2.eth,0x3944425f3212a5be75b5553befb6911a6573779199871ea42d6b9c7a40aaf9fb,Infrastructure - Sequencer Proposal: P2P.org,0xa054A7E0348561faE169fAcDf35159e5DC1b3c6f,https://ceg.vote/t/sequencer-proposal-p2p-org/2815,1719244844,1719504044,2024-06-27T16:00:44+00:00,closed
metislayer2.eth,0xa51036b975dd85824334216021671ebcbf1b929c5dc401ee137f29c3af259504,Infrastructure - Sequencer Proposal: OKX,0xa054A7E0348561faE169fAcDf35159e5DC1b3c6f,https://ceg.vote/t/sequencer-proposal-okx/3426,1719244800,1719504000,2024-06-27T16:00:00+00:00,closed
metislayer2.eth,0xc4328127d88e4822bc3bdbe08fe19ce21d28954e1038359c52ee99f05738c8ec,Infrastructure - Sequencer Proposal: 01node,0xa054A7E0348561faE169fAcDf35159e5DC1b3c6f,https://ceg.vote/t/sequencer-proposal-01node/3312,1719244800,1719504000,2024-06-27T16:00:00+00:00,closed
metislayer2.eth,0x8b775c190f220135ee7c42b5045ed9abe982b82d4d30b96d3601b6f74348faae,Infrastructure - Sequencer Proposal: MatrixedLink,0xa054A7E0348561faE169fAcDf35159e5DC1b3c6f,https://ceg.vote/t/sequencer-proposal-matrixedlink/2555,1719244800,1719504000,2024-06-27T16:00:00+00:00,closed
metislayer2.eth,0x052bc550c1ca8d2de69ac0ac679a1e258507804383ee11a9ca670caa5449a4a9,Infrastructure - Sequencer Proposal: Artifact Systems,0xa054A7E0348561faE169fAcDf35159e5DC1b3c6f,https://ceg.vote/t/sequencer-proposal-artifact-systems/2748,1719244800,1719504000,2024-06-27T16:00:00+00:00,closed
metislayer2.eth,0x08641e06eaa50159abe267f86f216c0ddb486a873c9c9323d81ab60f85114d3e,Infrastructure - Sequencer Proposal: Imperator.co,0xa054A7E0348561faE169fAcDf35159e5DC1b3c6f,https://ceg.vote/t/sequencer-proposal-imperator-co/2999,1719244800,1719504000,2024-06-27T16:00:00+00:00,closed
metislayer2.eth,0xd69e07aee52d2fdd14f507fe774c55f55f86847d36be38c53973baa8a0e41ac3,Infrastructure - Sequencer Proposal: Luganodes,0xa054A7E0348561faE169fAcDf35159e5DC1b3c6f,https://ceg.vote/t/sequencer-proposal-luganodes/2893,1719244800,1719504000,2024-06-27T16:00:00+00:00,closed
metislayer2.eth,0x6c279638a9dc2185f53ba6b5ff2bb9b5c12f40c7129a9960a7d8e1918e0c1c9c,Infrastructure - Sequencer Proposal: Criterion,0xa054A7E0348561faE169fAcDf35159e5DC1b3c6f,https://ceg.vote/t/sequencer-proposal-criterion/2879,1719244800,1719504000,2024-06-27T16:00:00+00:00,closed
metislayer2.eth,0x38ad0d2fa45d0e33d0783880b58d9cda95f54782012f4d3187111491579f877c,Infrastructure - Sequencer Proposal: SNZPool,0xa054A7E0348561faE169fAcDf35159e5DC1b3c6f,https://ceg.vote/t/sequencer-proposal-snzpool/3386,1719244800,1719504000,2024-06-27T16:00:00+00:00,closed
metislayer2.eth,0x2d3b4c0336df1fc99ddf8079bdb01e6c99d831734a4e722b2a7c88721804b9f9,Infrastructure - Sequencer Proposal: TEB,0xa054A7E0348561faE169fAcDf35159e5DC1b3c6f,https://ceg.vote/t/sequencer-proposal-teb/3327/2,1719244800,1719504000,2024-06-27T16:00:00+00:00,closed
metislayer2.eth,0x50efc338d5460e11808cbed3b4654fc60b911b3ee9bda7fdd013ddff3f01b88d,Infrastructure - Sequencer Proposal: Pier Two,0xa054A7E0348561faE169fAcDf35159e5DC1b3c6f,https://ceg.vote/t/sequencer-proposal-pier-two/2615,1719244800,1719504000,2024-06-27T16:00:00+00:00,closed
metislayer2.eth,0x52cde825af853ba97529f898d0ea254c931b22f912e3334c2d8602d718fd1eba,Infrastructure - Sequencer Proposal: NorthWest Nodes,0xa054A7E0348561faE169fAcDf35159e5DC1b3c6f,https://ceg.vote/t/sequencer-proposal-northwest-nodes/2793,1719244800,1719504000,2024-06-27T16:00:00+00:00,closed
metislayer2.eth,0x9d5503f2de76f01438ac5502c27617805d2036c33de75248b1c088feec718a30,Infrastructure - Sequencer Proposal: Pathrock Network,0xa054A7E0348561faE169fAcDf35159e5DC1b3c6f,https://ceg.vote/t/sequencer-proposal-pathrock-network/3145,1719244800,1719504000,2024-06-27T16:00:00+00:00,closed
metislayer2.eth,0x15cc3893e74d00ef2da65bc27a1d8408fcfcca6cf89a80f9afa8796384212249,Infrastructure - Sequencer Proposal: Pragma Ventures,0xa054A7E0348561faE169fAcDf35159e5DC1b3c6f,https://ceg.vote/t/sequencer-proposal-pragma-ventures/3232,1719244800,1719504000,2024-06-27T16:00:00+00:00,closed
metislayer2.eth,0x492616a2bc82efc0025ba66a2032936e580975344fa2ad8bcfb2f13793f9d575,Infrastructure - Sequencer Proposal: A41,0xa054A7E0348561faE169fAcDf35159e5DC1b3c6f,https://ceg.vote/t/sequencer-proposal-a41/2833,1719244800,1719504000,2024-06-27T16:00:00+00:00,closed
metislayer2.eth,0xcd641e387bf0ddbdc1be1ab87c09f7632a6ae9eb1c069fa667b36e4abb7ab580,Ecosystem Proposal: Barsik – the mascot of Metis,0xb6Ba0Edc202dCE9780CC54157aB487b998F46903,https://ceg.vote/t/ecosystem-proposal-barsik-the-mascot-of-metis/3390,1718989200,1719248400,2024-06-24T17:00:00+00:00,closed
metislayer2.eth,0xad57bd085393140d2d50aa08127a50e27715ec69817fe381269e5ce3a23891d9,Ecosystem Proposal: caca represents both power of sarcasm and new wave on Metis,0xb6Ba0Edc202dCE9780CC54157aB487b998F46903,https://ceg.vote/t/cvp-proposal-caca-represents-both-power-of-sarcasm-and-new-wave-on-metis/3442,1718989200,1719248400,2024-06-24T17:00:00+00:00,closed
metislayer2.eth,0xdaf8ef608d60e33a43515dba0c24a4ad0299e2e59d9d52939a2419d842c941d5,Infrastructure - LST Proposal: Velix,0xa054A7E0348561faE169fAcDf35159e5DC1b3c6f,https://ceg.vote/t/lst-protocol-proposal-velix/3403,1718813168,1719072368,2024-06-22T16:06:08+00:00,closed
metislayer2.eth,0x788dd38138801ef2ca166ab10cdbf11f0939ce1e8c55eede968852ab0286b03c,Infrastructure - LST Proposal: StaFi,0xa054A7E0348561faE169fAcDf35159e5DC1b3c6f,https://ceg.vote/t/lsd-proposal-stafi/2360,1718813029,1719072229,2024-06-22T16:03:49+00:00,closed
metislayer2.eth,0x6c27021406cb2435fe0e097ecfc94e50c8096bd9aa93688f1dfa13135b8a7fcd,Infrastructure - LST Proposal: Stake.link,0xa054A7E0348561faE169fAcDf35159e5DC1b3c6f,https://ceg.vote/t/lst-proposal-stake-link/2818,1718812907,1719072107,2024-06-22T16:01:47+00:00,closed
metislayer2.eth,0xfae716d37e9bd68b4a279c619aa4decb408e9b3b7bb1fc43394dbdc81d73a71c,Infrastructure - LST Proposal: Accumulated Finance,0xa054A7E0348561faE169fAcDf35159e5DC1b3c6f,https://ceg.vote/t/lsd-proposal-accumulated-finance/1704,1718812804,1719072004,2024-06-22T16:00:04+00:00,closed
metislayer2.eth,0xde49b5dc0c01f4c5b51b352d681febfdac38fe38951b44c175614fb9fab1cfbb,Ecosystem Proposal: Owl Protocol - Dev suite to be used to build complete apps or integrations via a REST API,0xb6Ba0Edc202dCE9780CC54157aB487b998F46903,https://ceg.vote/t/cvp-proposal-owl-protocol-dev-suite-to-be-used-to-build-complete-apps-or-integrations-via-a-rest-api/3405,1718042400,1718301600,2024-06-13T18:00:00+00:00,closed
metislayer2.eth,0xdffbd1865645d910bd70f244d59867fdebfe8965c88707ff1c1f8d8d07eeaa38,Ecosystem Proposal: Stakingrewards.com Integration,0xb6Ba0Edc202dCE9780CC54157aB487b998F46903,https://ceg.vote/t/cvp-proposal-stakingrewards-com-integration/3401,1718042400,1718301600,2024-06-13T18:00:00+00:00,closed
metislayer2.eth,0xb31eb4c7f900ecaf97ed87c57c9416572562345d0d76852508c9d84ada91efb5,Ecosystem Proposal: 0xGasless Account Abstraction - Metis Integration partnership,0xb6Ba0Edc202dCE9780CC54157aB487b998F46903,https://ceg.vote/t/cvp-proposal-0xgasless-account-abstraction-metis-integration-partnership/3407?u=0xgasless,1718042400,1718301600,2024-06-13T18:00:00+00:00,closed
metislayer2.eth,0x18f713f4b9b39ef5594bf7857ec08f16d1cbc65cbc472d8e961376924d35aa6f,Governance Proposal: Liquid Staking Tokens (LST) protocols Governance,0x536Cf451e6f5C0CFe6175293970D59AaC7c28812,https://ceg.vote/t/governance-proposal-liquid-staking-tokens-lst-protocols-governance/3387,1718036152,1718295352,2024-06-13T16:15:52+00:00,closed
metislayer2.eth,0x1f7dd0895f96073bc9dd7874fb5f562b3d98ec85991930be09886338026d6966,Ecosystem Proposal: OMO Swap – Deployed on Metis Mainnet and supported on-chain Swap!,0xb6Ba0Edc202dCE9780CC54157aB487b998F46903,https://ceg.vote/t/omo-swap-deployed-on-metis-mainnet-and-supported-on-chain-swap/3385,1717437600,1717696800,2024-06-06T18:00:00+00:00,closed
metislayer2.eth,0x190d411d6631bc570def877a554a9413923a1df721c4e69d81f5235eb3a37869,Ecosystem Proposal: codatta - data confidence protocol for AI (Revote),0xb6Ba0Edc202dCE9780CC54157aB487b998F46903,https://ceg.vote/t/cvp-proposal-codatta-data-confidence-protocol-for-ai/3376,1717437600,1717696800,2024-06-06T18:00:00+00:00,closed
metislayer2.eth,0x076ba05d98476e200ccccb5c3094f8debd25021fa7350a3f217eb9ed41d37886,Ecosystem Proposal: API3 DAO,0xb6Ba0Edc202dCE9780CC54157aB487b998F46903,https://ceg.vote/t/ecosystem-proposal-api3-dao/3391,1717437600,1717696800,2024-06-06T18:00:00+00:00,closed
metislayer2.eth,0x5c7f41e3e563c67d91ffc5ed39b72dc2f117e1f4b82e30803ca70a08ab28b646,Ecosystem Proposal: Primis Protocol - Decentralized Game Servers powered by Liquid Staking on Metis,0xb6Ba0Edc202dCE9780CC54157aB487b998F46903,https://ceg.vote/t/primis-protocol-decentralized-game-servers-powered-by-liquid-staking-on-metis/3305,1716829859,1717089059,2024-05-30T17:10:59+00:00,closed
metislayer2.eth,0x11d0fd2db6e1b5da83789ad6f80fd33d764aa78d04594be92f790a4177925603,Ecosystem Proposal: 1KXTrade,0xb6Ba0Edc202dCE9780CC54157aB487b998F46903,https://ceg.vote/t/cvp-proposal-1kxtrade/3364,1716829417,1717088617,2024-05-30T17:03:37+00:00,closed
metislayer2.eth,0x22fe12b562811cfcc6dc47de8506fbc97f98999cc245f7564f2ca09e94ab643e,Ecosystem Proposal: RetroBridge <> Metis Integration & Co-Marketing (CVP Proposal),0xb6Ba0Edc202dCE9780CC54157aB487b998F46903,https://ceg.vote/t/retrobridge-metis-integration-co-marketing-cvp-proposal/3348,1716224682,1716483882,2024-05-23T17:04:42+00:00,closed
metislayer2.eth,0x5e88e4b721ce2a4122d2dd84de1b1490b806da8cc5c2b4ae4700def1bd3eeab3,Ecosystem Proposal: Cicero Finance,0xb6Ba0Edc202dCE9780CC54157aB487b998F46903,https://ceg.vote/t/cvp-proposal-cicero-finance/3344,1716224414,1716483614,2024-05-23T17:00:14+00:00,closed
metislayer2.eth,0x0c55e3c166498761804e319b13f06071e242064576d86583d2d0b3a30ecf8d44,Ecosystem Proposal: BluWhale | Decentralized AI Personalization on Metis,0xb6Ba0Edc202dCE9780CC54157aB487b998F46903,https://ceg.vote/t/cvp-proposal-bluwhale-decentralized-ai-personalization-on-metis/3337#key-benefits-2,1716224400,1716483600,2024-05-23T17:00:00+00:00,closed
metislayer2.eth,0x64f3183a67438763c0305a36103832b388eadce65cbbc89b0e91fbe56f4eefda,Ecosystem Proposal: Integrate Secret Network’s Confidential Computing Layer with Metis,0xb6Ba0Edc202dCE9780CC54157aB487b998F46903,https://ceg.vote/t/cvp-proposal-integrate-secret-networks-confidential-computing-layer-with-metis/3347,1715620127,1715879327,2024-05-16T17:08:47+00:00,closed
metislayer2.eth,0x14ac57a3796649e88f1c1566cd694b434cb11f31bb091e920d4ebcf1abbfaa69,Ecosystem Proposal: Coin98 Super Wallet x Metis: Wallet Integration & Potential Co-Marketing Campaign,0xb6Ba0Edc202dCE9780CC54157aB487b998F46903,https://ceg.vote/t/coin98-super-wallet-x-metis-wallet-integration-potential-co-marketing-campaign/3343#benefits-for-users-3,1715619649,1715878849,2024-05-16T17:00:49+00:00,closed
metislayer2.eth,0xfcbd7ce8d5284c8a8af14164f3a32666a38116620c73e59cee4bab28317aa03c,Ecosystem Proposal: WOWMAX - the most efficient DEX aggregator launched on Metis,0xb6Ba0Edc202dCE9780CC54157aB487b998F46903,https://ceg.vote/t/co-marketing-proposal-for-wowmax-the-most-efficient-dex-aggregator-launched-on-metis/3322,1715018727,1715277927,2024-05-09T18:05:27+00:00,closed
metislayer2.eth,0xe59f06d203dafb68f57d4fa392cb00b142f186c348411b57ac5a2f64409841f4,Ecosystem Proposal: P2PX – Fully decentralised Crypto to Fiat On/Off ramps on Metis,0xb6Ba0Edc202dCE9780CC54157aB487b998F46903,https://ceg.vote/t/p2px-fully-decentralised-crypto-to-fiat-on-off-ramps-on-metis/3291,1715018553,1715277753,2024-05-09T18:02:33+00:00,closed
metislayer2.eth,0xb1e132d7428ff864ab8ad973e3875db9f5ae364931ff59362dfdc031f3341b5c,Infrastructure - LST Proposal: Request for Additional Sequencer Node for Artemis Finance,0xa054A7E0348561faE169fAcDf35159e5DC1b3c6f,https://ceg.vote/t/lst-proposal-request-for-additional-sequencer-node-for-artemis-finance/3319,1714579200,1714838400,2024-05-04T16:00:00+00:00,closed
metislayer2.eth,0xcc15c16221ccd61da3ea76c416bfcd5767ad955ec2be9efad0101c6b34d6ac58,Ecosystem Proposal: Router Protocol | Chain Abstraction - Zero TVL Intents based bridging,0xa054A7E0348561faE169fAcDf35159e5DC1b3c6f,https://ceg.vote/t/cvp-proposal-router-protocol-chain-abstraction-zero-tvl-intents-based-bridging/3318,1714410899,1714670099,2024-05-02T17:14:59+00:00,closed
metislayer2.eth,0x6a6739080248d200c64a9a5d765a97581bd09885413d6f67dada4f0dbc6ab4f9,Ecosystem Proposal: Moon Tropica | The next big Gamefi project,0xa054A7E0348561faE169fAcDf35159e5DC1b3c6f,https://ceg.vote/t/ecosystem-proposal-moon-tropica-the-next-big-gamefi-project/3309,1714410764,1714669964,2024-05-02T17:12:44+00:00,closed
metislayer2.eth,0x532bc14e6df6fd2ef7b1df99c750b048157caf9694fa5d05598dded96517c317,Ecosystem Proposal: DAOstar | Standards & Public Goods for DAOs,0xa054A7E0348561faE169fAcDf35159e5DC1b3c6f,https://ceg.vote/t/cvp-proposal-daostar-standards-public-goods-for-daos/3218/1,1714410599,1714669799,2024-05-02T17:09:59+00:00,closed
metislayer2.eth,0xb3ad99371785e545427365b09aeb6c269ac10678ed449b469100744255a460c3,"Ecosystem Proposal: XSwap 2nd step into Chainlink's ecosystem, attracting new traders and revenue",0xa054A7E0348561faE169fAcDf35159e5DC1b3c6f,https://ceg.vote/t/ecosystem-proposal-xswap-2nd-step-into-chainlinks-ecosystem-attracting-new-traders-and-revenue/3271/1,1713805200,1714064400,2024-04-25T17:00:00+00:00,closed
metislayer2.eth,0xa5c55c8509e4835f6b1b72496ae1359c4b611fb073cdeb3cae472974d4ae1e93,Ecosystem Proposal: Cede.store x Metis - Co-Marketing & Incentive Campaign,0xa054A7E0348561faE169fAcDf35159e5DC1b3c6f,https://ceg.vote/t/cvp-proposal-cede-store-x-metis-co-marketing-incentive-campaign/3258,1713805200,1714064400,2024-04-25T17:00:00+00:00,closed
metislayer2.eth,0xbc2e7ac906c637896bf9fb5a18c8bc3e35cd0b69d76dbbf46129d618fa1e16c6,Ecosystem Proposal: Holdstation,0xa054A7E0348561faE169fAcDf35159e5DC1b3c6f,https://ceg.vote/t/cvp-proposal-holdstation/1770,1713200400,1713459600,2024-04-18T17:00:00+00:00,closed
metislayer2.eth,0x8cfa5189e485498a2d2b2917cb3c5bc320d8d0ef397b53825df9521fed8917a6,Ecosystem Proposal: Gas.zip x Metis,0xa054A7E0348561faE169fAcDf35159e5DC1b3c6f,https://ceg.vote/t/cvp-proposal-gas-zip-x-metis/3282/1,1713200400,1713459600,2024-04-18T17:00:00+00:00,closed
metislayer2.eth,0xf6c8dde8f85b79956c5c671a5033d43e913e71ccf308cb843c46586f87f9144a,Ecosystem Proposal: Blocklive | Live Events on Metis,0xa054A7E0348561faE169fAcDf35159e5DC1b3c6f,https://ceg.vote/t/cvp-proposal-blocklive-live-events-on-metis/3255,1713200400,1713459600,2024-04-18T17:00:00+00:00,closed
metislayer2.eth,0x6661e89b63d301a9a7713e0d846c94ff3266fb6faf57bab9c07adf6300ac8791,Ecosystem Proposal: MONKEX | The Metis OG Community,0xa054A7E0348561faE169fAcDf35159e5DC1b3c6f,https://ceg.vote/t/cvp-proposal-monkex-the-metis-og-community/3290/2,1713200400,1713459600,2024-04-18T17:00:00+00:00,closed
metislayer2.eth,0x422ae74879be6204b92f88d2a67c4e823d032df5383c94e831fee7813fd607af,Ecosystem Proposal: Barsik – the mascot of Metis,0xa054A7E0348561faE169fAcDf35159e5DC1b3c6f,https://ceg.vote/t/barsik-the-mascot-of-metis/3264/1,1713200400,1713459600,2024-04-18T17:00:00+00:00,closed
metislayer2.eth,0x7b7503df37371980f4f35d41963cd6350eee5f149da840e54e1e5006fb942bce,Ecosystem Proposal: A51 Finance,0x536Cf451e6f5C0CFe6175293970D59AaC7c28812,https://ceg.vote/t/cvp-proposal-a51-finance/3251,1712598296,1712857496,2024-04-11T17:44:56+00:00,closed
metislayer2.eth,0xfde57807b56e5beed9db62a491f7acf695cd624da8bfcedeff5402df7bc24e3e,Ecosystem Proposal: Eris Finance,0x536Cf451e6f5C0CFe6175293970D59AaC7c28812,https://ceg.vote/t/cvp-proposal-eris-finance-1-metis-native-lending-borrowing-protocol/3201,1712598043,1712857243,2024-04-11T17:40:43+00:00,closed
metislayer2.eth,0x9f22b77a7099449edc107dcff0e4799b7e083d822bb21fd011b621f27e636ffb,Ecosystem Proposal: Alchemy Pay,0xa054A7E0348561faE169fAcDf35159e5DC1b3c6f,https://ceg.vote/t/cvp-proposal-alchemy-pay/3238,1712597994,1712857194,2024-04-11T17:39:54+00:00,closed
metislayer2.eth,0x167b2da177fdda4138dd11582863f45b7c0c62678135303c52cc1a7b772a0c82,Ecosystem Proposal: Stablis Finance | LST borrowing & overcollateralized stablecoin,0xa054A7E0348561faE169fAcDf35159e5DC1b3c6f,https://ceg.vote/t/cvp-proposal-stablis-finance-lst-borrowing-overcollateralized-stablecoin/3127,1712597912,1712857112,2024-04-11T17:38:32+00:00,closed
metislayer2.eth,0xaf0557dc57a0a446c3662eafdc49aa36eece860db92a537428fb3c5f90efb84a,Ecosystem Proposal: Metlab ,0x536Cf451e6f5C0CFe6175293970D59AaC7c28812,https://ceg.vote/t/cvp-proposal-metlab-to-launch-on-metis-network/3249,1712597700,1712856900,2024-04-11T17:35:00+00:00,closed
metislayer2.eth,0x26541a3a4770c6cd9b9c9cd8d8ecdc20c91a905cdba5d9e18adf09fbd596ebc6,Ecosystem Proposal: BitMetis - Power Up Game With AI,0x9F9e26f06eF1FD5954DeEB897a8a16C1dcAea669,https://ceg.vote/t/cvp-proposal-bitmetis-power-up-game-with-ai/1656/2,1712073600,1712332800,2024-04-05T16:00:00+00:00,closed
metislayer2.eth,0x50e96d84cc846d5943c56e87947fb5c6b400643c9e8ff5925b8762f0dd0da0ba,Ecosystem Proposal: Shoebill Finance - A LST Collateralizable Leverage Lending Platform on Metis,0x9F9e26f06eF1FD5954DeEB897a8a16C1dcAea669,https://ceg.vote/t/cvp-proposal-shoebill-finance-a-lst-collateralizable-leverage-lending-platform-on-metis/1022,1712073600,1712332800,2024-04-05T16:00:00+00:00,closed
metislayer2.eth,0xd8ba5fd96410ae90460693404a3ecabcbf99f3ac2e395951ea291384349a104b,Ecosystem Proposal: Envio,0x9F9e26f06eF1FD5954DeEB897a8a16C1dcAea669,https://ceg.vote/t/cvp-proposal-add-envio-to-metis-ecosystem-page/3077,1712073600,1712332800,2024-04-05T16:00:00+00:00,closed
metislayer2.eth,0x7cc8046920258de4871f17957470cb31c3214add1561a4267f020c2fc3385aab,Ecosystem Proposal: Maestro Bots,0x9F9e26f06eF1FD5954DeEB897a8a16C1dcAea669,https://ceg.vote/t/ceg-proposal-maestro-bots/3123,1712073600,1712332800,2024-04-05T16:00:00+00:00,closed
metislayer2.eth,0x1fb8a767624747e7615cb5b109dd569fbbbc40ed99b18a7a0f333936f05d98a6,Ecosystem Proposal: Gains Network x Metis Co-Marketing Plan,0xa054A7E0348561faE169fAcDf35159e5DC1b3c6f,https://ceg.vote/t/cvp-proposal-gains-network-x-metis-co-marketing-plan/3055,1711386000,1711645200,2024-03-28T17:00:00+00:00,closed
metislayer2.eth,0x461b461b398b07985b1c34bd00482ec172b4dc8089a60c2a892869cec40f7d87,Ecosystem Proposal: Althea Finance - Unlocking LST Liquidity and Yield on Metis,0xa054A7E0348561faE169fAcDf35159e5DC1b3c6f,https://ceg.vote/t/cvp-proposal-althea-finance-unlocking-lst-liquidity-and-yield-on-metis/3064,1711386000,1711645200,2024-03-28T17:00:00+00:00,closed
metislayer2.eth,0xea9710dc896f435be39eee0e1e5598e0c96e1148ad973fcdda86f1779478b78a,Ecosystem Proposal: Fyde - Treasury Protocol,0xa054A7E0348561faE169fAcDf35159e5DC1b3c6f,https://ceg.vote/t/cvp-proposal-fyde-treasury-protocol/3076,1711386000,1711645200,2024-03-28T17:00:00+00:00,closed
metislayer2.eth,0x8f07ec2f637de4c422702c595e3103b996b291cb715b0271b1fb74dd2d028e99,Ecosystem Proposal: imToken Wallet,0xa054A7E0348561faE169fAcDf35159e5DC1b3c6f,https://ceg.vote/t/cvp-proposal-co-marketing-with-imtoken-wallet/932,1711386000,1711645200,2024-03-28T17:00:00+00:00,closed
metislayer2.eth,0x90df73160cbda7fe7f6b82261f254e118d9e25dc45871173fb35e800bf5453df,Ecosystem Proposal: Approve Project Partnership Omni X ONFT Launchpad,0xa054A7E0348561faE169fAcDf35159e5DC1b3c6f,https://ceg.vote/t/cvp-approve-project-partnership-omni-x-onft-launchpad/2853,1710781200,1711040400,2024-03-21T17:00:00+00:00,closed
metislayer2.eth,0xee61e14b07caf7ef9454b6e7a3aee9b479ea67f63e16270971a3c475a43f3cb1,Ecosystem Proposal: Halliday - Bringing Account Abstraction to Metis with the Halliday Appchain Wallet,0xa054A7E0348561faE169fAcDf35159e5DC1b3c6f,https://ceg.vote/t/cvp-proposal-bringing-account-abstraction-to-metis-with-the-halliday-appchain-wallet/2928,1710781200,1711040400,2024-03-21T17:00:00+00:00,closed
metislayer2.eth,0x600a071ba6bba8acdf84ddebe0253fb502542f7305940d2a242f60f60013f611,Ecosystem Proposal: Zoth - Your Portal to Onchain Real World Assets,0xa054A7E0348561faE169fAcDf35159e5DC1b3c6f,https://ceg.vote/t/cvp-proposal-zoth-your-portal-to-onchain-real-world-assets/2958,1710781200,1711040400,2024-03-21T17:00:00+00:00,closed
metislayer2.eth,0x5d2d45d3084750b7dcca93c183c87ebe208b2660d0ade88ca1fdfcc74259ef4c,Ecosystem Proposal: BlockChat – Communication and Collaboration Platform,0xa054A7E0348561faE169fAcDf35159e5DC1b3c6f,https://ceg.vote/t/cvp-proposal-blockchat-communication-and-collaboration-platform/1913,1710781200,1711040400,2024-03-21T17:00:00+00:00,closed
metislayer2.eth,0x9df945d6770597c042f2db7f21530c9b7f53d88427ff0cc7a6c3e8fd9f23cc02,Ecosystem Proposal: Poker Space - Web3 sport poker platform,0xa054A7E0348561faE169fAcDf35159e5DC1b3c6f,https://ceg.vote/t/cvp-proposal-poker-space-web3-sport-poker-platform/2633,1710781200,1711040400,2024-03-21T17:00:00+00:00,closed
metislayer2.eth,0xabeba18fbb141585744dece6361f74749a0292de9e1f88ba3196bd763c44cd6d,Governance Proposal: Decentralized Sequencer Governance,0xa054A7E0348561faE169fAcDf35159e5DC1b3c6f,https://ceg.vote/t/governance-proposal-decentralized-sequencer-governance/1922,1710262800,1710522000,2024-03-15T17:00:00+00:00,closed
metislayer2.eth,0xb710cc83ce22de7c20053270d708213de239cacee1df8b322141e4c5a9a4d8ba,Ecosystem Proposal: NFTs2ME,0x9F9e26f06eF1FD5954DeEB897a8a16C1dcAea669,https://ceg.vote/t/cvp-proposal-nfts2me/2068,1710172800,1710432000,2024-03-14T16:00:00+00:00,closed
metislayer2.eth,0xb2f9ed0bd826bd9080cdeeb48d527a14620ce026bf8f2b3faaa731786182dca8,Ecosystem Proposal: Chaineye Mini Bridge,0x9F9e26f06eF1FD5954DeEB897a8a16C1dcAea669,https://ceg.vote/t/cvp-proposal-chaineye-mini-bridge/2781,1710172800,1710432000,2024-03-14T16:00:00+00:00,closed
metislayer2.eth,0x3da93a8cd29f476ad7753f3ac95acd13c52bbcf91593b530746ffbedaa958401,Ecosystem Proposal: Nomis,0x9F9e26f06eF1FD5954DeEB897a8a16C1dcAea669,https://ceg.vote/t/cvp-proposal-metis-reputation-scorer-powered-by-nomis/1710,1710172800,1710432000,2024-03-14T16:00:00+00:00,closed
metislayer2.eth,0xd17931cfa20fee418c74193df795bdca9996c2b1e95ae006d68c75ee93af163f,Infrastructure - LSD Proposal: ENKI,0x9F9e26f06eF1FD5954DeEB897a8a16C1dcAea669,https://ceg.vote/t/lsd-proposal-enki/1685,1709745724,1710004924,2024-03-09T17:22:04+00:00,closed
metislayer2.eth,0xa5da3026543e67490f952d85c0dc00a8d7905d4fc26914c8a8796dc90a2e67bf,Infrastructure - LSD Proposal: Artemis,0x9F9e26f06eF1FD5954DeEB897a8a16C1dcAea669,https://ceg.vote/t/lsd-proposal-artemis/1693,1709745626,1710004826,2024-03-09T17:20:26+00:00,closed
metislayer2.eth,0xea2242e5f91c4fc12b58dce5fd9486516aba1682eefbe8a293630ed5f072f17c,Infrastructure - LSD Proposal: Accumulated,0x9F9e26f06eF1FD5954DeEB897a8a16C1dcAea669,https://ceg.vote/t/lsd-proposal-accumulated-finance/1704,1709745432,1710004632,2024-03-09T17:17:12+00:00,closed
metislayer2.eth,0x56ae7a23e0d66445295e9ef87da9870eae249a919fe87ccaf8ed7afb82bfdca1,Infrastructure - LSD Proposal: Velix,0x9F9e26f06eF1FD5954DeEB897a8a16C1dcAea669,https://ceg.vote/t/lsd-proposal-velix/2434,1709745241,1710004441,2024-03-09T17:14:01+00:00,closed
metislayer2.eth,0x9610bce8547ac8389d51045c6c85c594baf75df33519ad96aa09551f8bb6c29a,Infrastructure - LSD Proposal: StaFi,0x9F9e26f06eF1FD5954DeEB897a8a16C1dcAea669,https://ceg.vote/t/lsd-proposal-stafi/2360,1709745000,1710004200,2024-03-09T17:10:00+00:00,closed
metislayer2.eth,0xc6c6d0502f5515d76feef36095e5496aff4052e8d3f82b655c36df57d305ea21,Ecosystem Proposal: Renzo - The EigenLayer Liquid Restaking Hub,0xa054A7E0348561faE169fAcDf35159e5DC1b3c6f,https://ceg.vote/t/cvp-proposal-renzo-the-eigenlayer-liquid-restaking-hub/1909/1,1709572269,1709831469,2024-03-07T17:11:09+00:00,closed
metislayer2.eth,0x31011ec0cb9325e6198eab8e8843dd558fd63464077364d6a540fb19196bb93f,Ecosystem Proposal: Score Milk (gaming platform),0xa054A7E0348561faE169fAcDf35159e5DC1b3c6f,https://ceg.vote/t/cvp-proposal-score-milk-gaming-platform/1993,1709572119,1709831319,2024-03-07T17:08:39+00:00,closed
metislayer2.eth,0xbedde63c3901710e085102ac882ef5a406a85766e0c6c91694b6be35265b0ba6,Ecosystem Proposal: Zeno Exchange,0xa054A7E0348561faE169fAcDf35159e5DC1b3c6f,https://ceg.vote/t/cvp-zeno-exchange/1920,1709571964,1709831164,2024-03-07T17:06:04+00:00,closed
metislayer2.eth,0x9d67209d542e8e5ebedb106a17fe0dc1c7995bc71103f559d0333ec6198e85d5,Ecosystem Proposal: PayTrie - A Dedicated On/Off-Ramp Service For Metis,0xa054A7E0348561faE169fAcDf35159e5DC1b3c6f,https://ceg.vote/t/cvp-proposal-paytrie-a-dedicated-on-off-ramp-service-for-metis/1661,1709571600,1709830800,2024-03-07T17:00:00+00:00,closed
metislayer2.eth,0xf32dec506c8c0997867711f2124b28e8e0fafb49cb40883308055a3cac78cbdc,Ecosystem Proposal: Vector Reserve (The LST Liquidity Layer for Metis - vETH and vMETIS),0xa054A7E0348561faE169fAcDf35159e5DC1b3c6f,https://ceg.vote/t/cvp-proposal-vector-reserve-the-lst-liquidity-layer-for-metis-veth-and-vmetis/1839/1,1709571600,1709830800,2024-03-07T17:00:00+00:00,closed
metislayer2.eth,0x41dbddf21bab38193f51a978b0600500c471b69c19b0111e5cfa16f065c8362d,Revote - Ecosystem Proposal: Tria - Onboard millions onto Metis with Web2-like UX,0x9F9e26f06eF1FD5954DeEB897a8a16C1dcAea669,https://ceg.vote/t/cvp-proposal-tria-onboard-millions-onto-metis-with-web2-like-ux/1615,1708968105,1709140905,2024-02-28T17:21:45+00:00,closed
metislayer2.eth,0x30653240a487f739da1e91840aa56bc44c09173051205fdcd8c91bafe09c9b4d,Revote - Ecosystem proposal: Alphaday,0x9F9e26f06eF1FD5954DeEB897a8a16C1dcAea669,https://ceg.vote/t/proposal-metis-data-aggregator-dashboard-on-alphaday/646,1708967989,1709140789,2024-02-28T17:19:49+00:00,closed
metislayer2.eth,0xf865a0dbeb958da615d412f1e5bbb7ec80c3bc3bdb2daad9fc5d9271051d5399,Ecosystem Proposal: CERUS,0x9F9e26f06eF1FD5954DeEB897a8a16C1dcAea669,https://ceg.vote/t/cvp-proposal-cerus-maximize-your-potential/1738,1708967439,1709226639,2024-02-29T17:10:39+00:00,closed
metislayer2.eth,0x5f0821d252f711a4ebd10874b4d7557d239873ec39b736c997478a743cdda3dd,Ecosystem Proposal: ASPIS - On-chain Asset Management Toolkit for DAO Funds and Startups,0x9F9e26f06eF1FD5954DeEB897a8a16C1dcAea669,https://ceg.vote/t/cvp-proposal-aspis-on-chain-asset-management-toolkit-for-dao-funds-and-startups/339/1,1708967142,1709226342,2024-02-29T17:05:42+00:00,closed
metislayer2.eth,0x2c0a3114abd02f1476dd73171b2acd8b39c4d293cc7e97aac9164c6db5aa5da7,Ecosystem Proposal: New METIS LST - rMETIS by StaFi,0x9F9e26f06eF1FD5954DeEB897a8a16C1dcAea669,https://ceg.vote/t/cvp-proposal-new-metis-lst-rmetis-by-stafi/1594/1,1708966789,1709225989,2024-02-29T16:59:49+00:00,closed
metislayer2.eth,0xc57ae6f989cff80832d0d94e16c6e8b99108e9f79f7ba1f1ceb9f8804e286938,Ecosystem Proposal: zkEra Finance,0x9F9e26f06eF1FD5954DeEB897a8a16C1dcAea669,https://candidac.org/t/cvp-proposal-zkera-finance-to-launch-on-metis/1080,1708366813,1708626013,2024-02-22T18:20:13+00:00,closed
metislayer2.eth,0x37151688f68a505158e4323c02db189fc40c440e0ed55e506e2c53ce7ef8e299,Ecosystem Proposal: deBridge IaaS,0x9F9e26f06eF1FD5954DeEB897a8a16C1dcAea669,https://candidac.org/t/cvp-proposal-debridge-iaas/1673,1708366774,1708625974,2024-02-22T18:19:34+00:00,closed
metislayer2.eth,0x86b069e76c766943a27373dfd8aec92ce0dc6e0b677079872779888fb84f0e7f,Ecosystem Proposal: OmniBTC,0x9F9e26f06eF1FD5954DeEB897a8a16C1dcAea669,https://candidac.org/t/cvp-proposal-omnibtc/1012,1708366737,1708625937,2024-02-22T18:18:57+00:00,closed
metislayer2.eth,0x2409b6d599fcb1be2dee833c1c77a52aa0a13c5f82084136bd2391c7d1cec2b7,Ecosystem Proposal: AirLyft,0x9F9e26f06eF1FD5954DeEB897a8a16C1dcAea669,https://candidac.org/t/cvp-proposal-airlyft-one-your-decentralized-growth-loyalty-and-onboarding-platform/1634,1708366696,1708625896,2024-02-22T18:18:16+00:00,closed
metislayer2.eth,0x463206e51497f6c28ce0546815ea914085d14e68673ad748ea5e6b2ef2adb18d,Revote - Ecosystem proposal: 4th Pillar dMail & dChat,0xa054A7E0348561faE169fAcDf35159e5DC1b3c6f,https://candidac.org/t/4thpillar-dmail-dchat-communication-super-app-on-metis-l2/1487,1708020000,1708192800,2024-02-17T18:00:00+00:00,closed
metislayer2.eth,0xf4c4ed6865f04e5351a5d5285c47bc65ccbbc05fe090fa8ddeb2eba9bb2fa8ca,Metis CEG Program: Metis Data Aggregator Dashboard on Alphaday,0x9F9e26f06eF1FD5954DeEB897a8a16C1dcAea669,https://candidac.org/t/proposal-metis-data-aggregator-dashboard-on-alphaday/646,1707414796,1707673996,2024-02-11T17:53:16+00:00,closed
metislayer2.eth,0x526cca6d96839b51a04f166d40e8b912e2b2145d4221eab2a465ec6891f9ccb7,Metis CEG Program: Tria - Onboard millions onto Metis with Web2-like UX,0xa054A7E0348561faE169fAcDf35159e5DC1b3c6f,https://candidac.org/t/tria-onboard-millions-onto-metis-with-web2-like-ux/1615,1707326100,1707585300,2024-02-10T17:15:00+00:00,closed
metislayer2.eth,0x0cf0fc21d44e07543d1445cf1dd16ab1f8e152cc1301f49ed492e6f4a242d243,Metis CEG Program: zk.Link,0x9F9e26f06eF1FD5954DeEB897a8a16C1dcAea669,https://candidac.org/t/cvp-proposal-zk-link/1635/1,1707238842,1707498042,2024-02-09T17:00:42+00:00,closed
metislayer2.eth,0x9e9a66e10aec595a78006220c2f561668c43804285fa0d2f98e872e2c8058b24,Metis CEG Program: LI.FI,0xa054A7E0348561faE169fAcDf35159e5DC1b3c6f,https://candidac.org/t/cvp-proposal-li-fi/1649,1707066000,1707325200,2024-02-07T17:00:00+00:00,closed
metislayer2.eth,0xc8d40d921ab628ac316a38b38155330be8060df24b74b32180fbc388ad1a9694,Metis CEG Program: 4th Pillar dMail & dChat,0x9F9e26f06eF1FD5954DeEB897a8a16C1dcAea669,https://candidac.org/t/4thpillar-dmail-dchat-communication-super-app-on-metis-l2/1487/6,1706900982,1707160182,2024-02-05T19:09:42+00:00,closed
metislayer2.eth,0x516ff5bbedf1ed91f78f8a131326fb34e445966dc689d0febb538398eac9d143,Metis CEG Program: Connext,0x9F9e26f06eF1FD5954DeEB897a8a16C1dcAea669,https://candidac.org/t/cvp-proposal-connext/1611,1706808848,1707068048,2024-02-04T17:34:08+00:00,closed
metislayer2.eth,0xbba650dd492085586ed264217dcd459573cacea175f5a07dbdfcd2a4eb133f18,Metis CEG Program: Accumulated Finance,0x536Cf451e6f5C0CFe6175293970D59AaC7c28812,https://candidac.org/t/cvp-proposal-accumulated-finance/1550,1706636336,1706895536,2024-02-02T17:38:56+00:00,closed
metislayer2.eth,0xe28c3cba6989c1cfb41a8ad2978e2554e95518499198bf51de13e4734dc1713a,Metis CEG Program: Replete Finance,0xa054A7E0348561faE169fAcDf35159e5DC1b3c6f,https://candidac.org/t/cvp-proposal-replete-finance/997,1706552406,1706811606,2024-02-01T18:20:06+00:00,closed
metislayer2.eth,0x40055870e832b7cda7bddc67ab645731e9ecd0e2be428d5cc88a56f1e9221927,Metis CEG Program:  Star Protocol – Omni-chain Name Service Provider Launching .metis,0xa054A7E0348561faE169fAcDf35159e5DC1b3c6f,https://candidac.org/t/cvp-proposal-star-protocol-omni-chain-name-service-provider-launching-metis/1023,1706202000,1706461200,2024-01-28T17:00:00+00:00,closed
metislayer2.eth,0x8b7e97aaa7807429b722946466598b5dc2959bc8092cf574ed19b6aff526a93b,"Metis CEG Program: Metis Bot, specifically tailored for Metis users",0xa054A7E0348561faE169fAcDf35159e5DC1b3c6f,https://candidac.org/t/cvp-proposal-metis-bot-specifically-tailored-for-metis-users/1435/1,1706115600,1706374800,2024-01-27T17:00:00+00:00,closed
metislayer2.eth,0x66245f86e56167bd438bc1f84d0eec154fcb01ebac6b98090015aa3034911568,Metis CEG Program: Entangle to launch on Metis,0xa054A7E0348561faE169fAcDf35159e5DC1b3c6f,https://candidac.org/t/cvp-proposal-entangle-to-launch-on-metis/1384,1706029200,1706288400,2024-01-26T17:00:00+00:00,closed
metislayer2.eth,0xfadc991a9a059860c9822dc123da1a83c0229996642e5296f646c88df041799f,Metis CEG Program: Owlto Finance,0xa054A7E0348561faE169fAcDf35159e5DC1b3c6f,https://candidac.org/t/cvp-proposal-owlto-finance/1000,1705942800,1706202000,2024-01-25T17:00:00+00:00,closed
metislayer2.eth,0xa098a76eba3db8cf52ac3e75912af1476def1ebd404910d5d2ecd7390e4ea664,Metis CEG Program: NOWNodes,0xa054A7E0348561faE169fAcDf35159e5DC1b3c6f,https://candidac.org/t/cvp-proposal-nownodes/838,1705683600,1705942800,2024-01-22T17:00:00+00:00,closed
metislayer2.eth,0x381c35306afa356554f38e3486843d4632745efdff48d4d801afb672ad869ea4,CVP Proposal: Launch HYVE on Metis as the first onchain job marketplace,0x54B1627fB56461982f35867EA7f019BB05fEbC13,https://candidac.org/t/cvp-proposal-launch-hyve-on-metis-as-the-first-onchain-job-marketplace/1399,1705593144,1705852344,2024-01-21T15:52:24+00:00,closed
metislayer2.eth,0xae5374d220440effb90cde4558209c5d89b1156eb52f74cbfdea39d1756c197f,Metis CEG Program: JR Studio,0xa899C645381fC951bf764C3594cb6aF3A2534380,https://candidac.org/t/cvp-proposal-jr-studio-ushering-the-next-billion-gamers-into-web3/948,1705329883,1705589083,2024-01-18T14:44:43+00:00,closed
metislayer2.eth,0xa888042ef52f175f01fab0ddaa4a17a7c574c084c97e009324d5083d3cff5ec4,MIP-4: Decentralize Testnet Sequencer and Activate Community Testing,0xa054A7E0348561faE169fAcDf35159e5DC1b3c6f,https://candidac.org/t/proposal-decentralize-testnet-sequencer-and-activate-community-testing/1032,1704992400,1705251600,2024-01-14T17:00:00+00:00,closed
metislayer2.eth,0x0c401ea7e1c4cbb18bc930fe37830a78f5b500a1afacdb14ba5851b2b90bb8be,Metis CEG Program: zkDX,0xa054A7E0348561faE169fAcDf35159e5DC1b3c6f,https://candidac.org/t/zkdx-a-derivative-protocol-of-l2-networks/874,1704733200,1704992400,2024-01-11T17:00:00+00:00,closed
metislayer2.eth,0xd3979c214c5b3957d39f8ba60c0e453e5b4278559ed88bb6b937919c894b0e21,MIP-3: CVP Decentralization Proposal,0xa054A7E0348561faE169fAcDf35159e5DC1b3c6f,https://candidac.org/t/mip-3-cvp-decentralization-proposal/913,1704474000,1704906000,2024-01-10T17:00:00+00:00,closed
metislayer2.eth,0x275056a9c2165e9988be3344e9bba4910b051999d09b8406c700d59f038c2b50,Metis CEG Program: Solidly,0xa054A7E0348561faE169fAcDf35159e5DC1b3c6f,https://candidac.org/t/cvp-proposal-solidly/959,1704387600,1704646800,2024-01-07T17:00:00+00:00,closed
metislayer2.eth,0x8a442c3cb89cc268313eb63b19a850aadcf251be5bb8f65995a91a2fc6fc6ad4,Metis CEG Program:  ENKI - A LSD Protocol Revolutionizing DeFi on Metis,0xa054A7E0348561faE169fAcDf35159e5DC1b3c6f,https://candidac.org/t/cvp-proposal-enki-a-lsd-protocol-revolutionizing-defi-on-metis/866,1704214800,1704474000,2024-01-05T17:00:00+00:00,closed
metislayer2.eth,0x4c75d37080aeb179adab00ecd5a507efc56e193271e84a0c8046f15d6dccffef,Metis CEG Program: WAGMI,0xa054A7E0348561faE169fAcDf35159e5DC1b3c6f,https://candidac.org/t/cvp-proposal-wagmi/901,1703883671,1704142871,2024-01-01T21:01:11+00:00,closed
metislayer2.eth,0x930454d035a5f2f591da95cc703757e0251f10bc31772a8c7d6074c40ad4c15b,Metis CEG Program: Vega Protocol - Provides consensus ecological for the Metis ecosystem,0xa054A7E0348561faE169fAcDf35159e5DC1b3c6f,https://candidac.org/t/cvp-proposal-vega-protocol-provides-consensus-ecological-for-the-metis-ecosystem/890,1703782800,1704042000,2023-12-31T17:00:00+00:00,closed
metislayer2.eth,0x6be484501e56c09ab5a648cd5e1b6fca31732b9721580b2c5c560aa54b5931ea,"Metis CEG Program: League.Tech, SocialFi on Metis",0xa054A7E0348561faE169fAcDf35159e5DC1b3c6f,https://candidac.org/t/cvp-proposal-league-tech-socialfi-on-metis/849,1703696400,1703955600,2023-12-30T17:00:00+00:00,closed
metislayer2.eth,0xfa36032bc5fa18d75edbb26f6cec48654c46884ff69ffeafad85c024aa667c43,"Metis CEG Program: Midas - secure, on-chain, fair, and fun prediction games, exclusively on Metis",0xa054A7E0348561faE169fAcDf35159e5DC1b3c6f,https://candidac.org/t/cvp-proposal-midas-secure-on-chain-fair-and-fun-prediction-games-exclusively-on-metis/844,1703610000,1703869200,2023-12-29T17:00:00+00:00,closed
metislayer2.eth,0x47f78db75afa2d089bc3eacbee0077420445357f66c1892382876fd51a89703c,Metis CEG Program: Symbiosis,0xa054A7E0348561faE169fAcDf35159e5DC1b3c6f,https://candidac.org/t/symbiosis-cross-chain-amm-dex-and-liqudity-protocol/673,1701709200,1701968400,2023-12-07T17:00:00+00:00,closed
metislayer2.eth,0x7480fc0c4bfd1ec83d474fd67945679562a34a9938d1b8dab2864132a95b3a14,Metis CEG Program: Steer Protocol,0xa054A7E0348561faE169fAcDf35159e5DC1b3c6f,https://candidac.org/t/cvp-proposal-steer-protocol/789,1698163200,1698422400,2023-10-27T16:00:00+00:00,closed
metislayer2.eth,0x07387077920ce65b805bd0ba913a02ecfe63d22cac3dbaed3d97c23afd053fe2,Metis CEG Program: LetsExchange,0xa054A7E0348561faE169fAcDf35159e5DC1b3c6f,https://candidac.org/t/cvp-proposal-letsexchange/696,1697558400,1697817600,2023-10-20T16:00:00+00:00,closed
metislayer2.eth,0x989780543aa04a47e76b08fc6172decd899608cd5245e1a3eea498a0ffc5b6b0,Special Proposal to Metis Community: Migrate Data Availability to Ethereum Mainnet,0xa054A7E0348561faE169fAcDf35159e5DC1b3c6f,https://candidac.org/t/special-proposal-to-metis-community-migrate-data-availability-to-ethereum-mainnet/741,1696262403,1696521603,2023-10-05T16:00:03+00:00,closed
metislayer2.eth,0xf5a364c603bb96adc4a34c634f48bb43a9db8acd569c7586d89c4c33d3daba9b,Metis CEG Program: CVP Proposal: Athena Finance,0x994c528a22C485C980dD2911Fd25bB4401cb7C2b,https://candidac.org/t/cvp-proposal-athena-finance/621,1681768800,1682028000,2023-04-20T22:00:00+00:00,closed
